timeStamp,elapsed,label,responseCode,responseMessage,threadName,dataType,success,failureMessage,bytes,sentBytes,grpThreads,allThreads,URL,Latency,IdleTime,Connect
1673903149342,369,HTTP Request,200,OK,usersOfW3school 1-2,text,true,,119681,119,11,11,https://www.w3schools.com/,303,0,245
1673903149420,301,HTTP Request,200,OK,usersOfW3school 1-4,text,true,,119681,119,10,10,https://www.w3schools.com/,238,0,179
1673903149382,366,HTTP Request,200,OK,usersOfW3school 1-3,text,true,,119681,119,10,10,https://www.w3schools.com/,296,0,235
1673903149300,444,HTTP Request,200,OK,usersOfW3school 1-1,text,true,,119681,119,10,10,https://www.w3schools.com/,374,0,313
1673903149460,306,HTTP Request,200,OK,usersOfW3school 1-5,text,true,,119681,119,8,8,https://www.w3schools.com/,240,0,180
1673903149502,266,HTTP Request,200,OK,usersOfW3school 1-6,text,true,,119681,119,7,7,https://www.w3schools.com/,202,0,140
1673903149580,258,HTTP Request,200,OK,usersOfW3school 1-8,text,true,,119681,119,8,8,https://www.w3schools.com/,195,0,135
1673903149540,299,HTTP Request,200,OK,usersOfW3school 1-7,text,true,,119681,119,7,7,https://www.w3schools.com/,193,0,133
1673903149620,299,HTTP Request,200,OK,usersOfW3school 1-9,text,true,,119681,119,8,8,https://www.w3schools.com/,196,0,136
1673903149700,259,HTTP Request,200,OK,usersOfW3school 1-11,text,true,,119681,119,8,8,https://www.w3schools.com/,196,0,137
1673903149661,301,HTTP Request,200,OK,usersOfW3school 1-10,text,true,,119681,119,7,7,https://www.w3schools.com/,194,0,136
1673903149742,248,HTTP Request,200,OK,usersOfW3school 1-12,text,true,,119681,119,7,7,https://www.w3schools.com/,186,0,129
1673903149781,260,HTTP Request,200,OK,usersOfW3school 1-13,text,true,,119681,119,7,7,https://www.w3schools.com/,196,0,136
1673903149821,247,HTTP Request,200,OK,usersOfW3school 1-14,text,true,,119681,119,7,7,https://www.w3schools.com/,187,0,129
1673903149901,250,HTTP Request,200,OK,usersOfW3school 1-16,text,true,,119681,119,8,8,https://www.w3schools.com/,189,0,131
1673903149860,293,HTTP Request,200,OK,usersOfW3school 1-15,text,true,,119681,119,7,7,https://www.w3schools.com/,191,0,132
1673903149940,265,HTTP Request,200,OK,usersOfW3school 1-17,text,true,,119681,119,7,7,https://www.w3schools.com/,202,0,144
1673903149982,255,HTTP Request,200,OK,usersOfW3school 1-18,text,true,,119681,119,7,7,https://www.w3schools.com/,192,0,134
1673903150023,253,HTTP Request,200,OK,usersOfW3school 1-19,text,true,,119681,119,7,7,https://www.w3schools.com/,191,0,131
1673903150060,297,HTTP Request,200,OK,usersOfW3school 1-20,text,true,,119681,119,8,8,https://www.w3schools.com/,195,0,134
1673903150140,249,HTTP Request,200,OK,usersOfW3school 1-22,text,true,,119681,119,8,8,https://www.w3schools.com/,188,0,129
1673903150101,311,HTTP Request,200,OK,usersOfW3school 1-21,text,true,,119681,119,7,7,https://www.w3schools.com/,199,0,139
1673903150180,268,HTTP Request,200,OK,usersOfW3school 1-23,text,true,,119681,119,7,7,https://www.w3schools.com/,202,0,139
1673903150221,249,HTTP Request,200,OK,usersOfW3school 1-24,text,true,,119681,119,7,7,https://www.w3schools.com/,188,0,130
1673903150260,294,HTTP Request,200,OK,usersOfW3school 1-25,text,true,,119681,119,8,8,https://www.w3schools.com/,195,0,135
1673903150302,305,HTTP Request,200,OK,usersOfW3school 1-26,text,true,,119681,119,8,8,https://www.w3schools.com/,205,0,146
1673903150379,256,HTTP Request,200,OK,usersOfW3school 1-28,text,true,,119681,119,8,8,https://www.w3schools.com/,192,0,133
1673903150341,295,HTTP Request,200,OK,usersOfW3school 1-27,text,true,,119681,119,7,7,https://www.w3schools.com/,195,0,136
1673903150459,244,HTTP Request,200,OK,usersOfW3school 1-30,text,true,,119681,119,8,8,https://www.w3schools.com/,185,0,128
1673903150419,295,HTTP Request,200,OK,usersOfW3school 1-29,text,true,,119681,119,7,7,https://www.w3schools.com/,194,0,133
1673903150500,254,HTTP Request,200,OK,usersOfW3school 1-31,text,true,,119681,119,7,7,https://www.w3schools.com/,191,0,132
1673903150539,264,HTTP Request,200,OK,usersOfW3school 1-32,text,true,,119681,119,7,7,https://www.w3schools.com/,199,0,137
1673903150579,293,HTTP Request,200,OK,usersOfW3school 1-33,text,true,,119681,119,8,8,https://www.w3schools.com/,193,0,134
1673903150621,302,HTTP Request,200,OK,usersOfW3school 1-34,text,true,,119681,119,8,8,https://www.w3schools.com/,200,0,138
1673903150660,297,HTTP Request,200,OK,usersOfW3school 1-35,text,true,,119681,119,8,8,https://www.w3schools.com/,191,0,132
1673903150699,290,HTTP Request,200,OK,usersOfW3school 1-36,text,true,,119681,119,8,8,https://www.w3schools.com/,189,0,132
1673903150739,258,HTTP Request,200,OK,usersOfW3school 1-37,text,true,,119681,119,7,7,https://www.w3schools.com/,195,0,137
1673903150779,299,HTTP Request,200,OK,usersOfW3school 1-38,text,true,,119681,119,8,8,https://www.w3schools.com/,198,0,139
1673903150819,289,HTTP Request,200,OK,usersOfW3school 1-39,text,true,,119681,119,8,8,https://www.w3schools.com/,190,0,132
1673903150859,269,HTTP Request,200,OK,usersOfW3school 1-40,text,true,,119681,119,7,7,https://www.w3schools.com/,204,0,143
1673903150939,256,HTTP Request,200,OK,usersOfW3school 1-42,text,true,,119681,119,8,8,https://www.w3schools.com/,193,0,134
1673903150899,310,HTTP Request,200,OK,usersOfW3school 1-41,text,true,,119681,119,7,7,https://www.w3schools.com/,205,0,146
1673903150981,287,HTTP Request,200,OK,usersOfW3school 1-43,text,true,,119681,119,8,8,https://www.w3schools.com/,187,0,130
1673903151019,286,HTTP Request,200,OK,usersOfW3school 1-44,text,true,,119681,119,8,8,https://www.w3schools.com/,188,0,129
1673903151059,287,HTTP Request,200,OK,usersOfW3school 1-45,text,true,,119681,119,8,8,https://www.w3schools.com/,219,0,153
1673903151140,246,HTTP Request,200,OK,usersOfW3school 1-47,text,true,,119681,119,8,8,https://www.w3schools.com/,186,0,129
1673903151100,295,HTTP Request,200,OK,usersOfW3school 1-46,text,true,,119681,119,7,7,https://www.w3schools.com/,196,0,136
1673903151182,256,HTTP Request,200,OK,usersOfW3school 1-48,text,true,,119681,119,7,7,https://www.w3schools.com/,193,0,134
1673903151259,254,HTTP Request,200,OK,usersOfW3school 1-50,text,true,,119681,119,8,8,https://www.w3schools.com/,191,0,132
1673903151219,300,HTTP Request,200,OK,usersOfW3school 1-49,text,true,,119681,119,7,7,https://www.w3schools.com/,195,0,136
1673903151340,250,HTTP Request,200,OK,usersOfW3school 1-52,text,true,,119681,119,8,8,https://www.w3schools.com/,187,0,129
1673903151300,292,HTTP Request,200,OK,usersOfW3school 1-51,text,true,,119681,119,7,7,https://www.w3schools.com/,192,0,132
1673903151381,258,HTTP Request,200,OK,usersOfW3school 1-53,text,true,,119681,119,7,7,https://www.w3schools.com/,194,0,134
1673903151461,254,HTTP Request,200,OK,usersOfW3school 1-55,text,true,,119681,119,8,8,https://www.w3schools.com/,191,0,132
1673903151421,296,HTTP Request,200,OK,usersOfW3school 1-54,text,true,,119681,119,7,7,https://www.w3schools.com/,192,0,133
1673903151500,300,HTTP Request,200,OK,usersOfW3school 1-56,text,true,,119681,119,8,8,https://www.w3schools.com/,198,0,137
1673903151541,282,HTTP Request,200,OK,usersOfW3school 1-57,text,true,,119681,119,8,8,https://www.w3schools.com/,183,0,127
1673903151620,256,HTTP Request,200,OK,usersOfW3school 1-59,text,true,,119681,119,8,8,https://www.w3schools.com/,194,0,134
1673903151580,301,HTTP Request,200,OK,usersOfW3school 1-58,text,true,,119681,119,7,7,https://www.w3schools.com/,195,0,136
1673903151659,255,HTTP Request,200,OK,usersOfW3school 1-60,text,true,,119681,119,7,7,https://www.w3schools.com/,192,0,133
1673903151699,249,HTTP Request,200,OK,usersOfW3school 1-61,text,true,,119681,119,7,7,https://www.w3schools.com/,187,0,129
1673903151740,295,HTTP Request,200,OK,usersOfW3school 1-62,text,true,,119681,119,8,8,https://www.w3schools.com/,192,0,134
1673903151819,255,HTTP Request,200,OK,usersOfW3school 1-64,text,true,,119681,119,8,8,https://www.w3schools.com/,192,0,132
1673903151780,294,HTTP Request,200,OK,usersOfW3school 1-63,text,true,,119681,119,8,8,https://www.w3schools.com/,193,0,133
1673903151900,255,HTTP Request,200,OK,usersOfW3school 1-66,text,true,,119681,119,8,8,https://www.w3schools.com/,193,0,133
1673903151859,307,HTTP Request,200,OK,usersOfW3school 1-65,text,true,,119681,119,7,7,https://www.w3schools.com/,198,0,137
1673903151939,295,HTTP Request,200,OK,usersOfW3school 1-67,text,true,,119681,119,8,8,https://www.w3schools.com/,193,0,134
1673903151979,300,HTTP Request,200,OK,usersOfW3school 1-68,text,true,,119681,119,8,8,https://www.w3schools.com/,192,0,132
1673903152019,291,HTTP Request,200,OK,usersOfW3school 1-69,text,true,,119681,119,8,8,https://www.w3schools.com/,191,0,132
1673903152059,263,HTTP Request,200,OK,usersOfW3school 1-70,text,true,,119681,119,7,7,https://www.w3schools.com/,199,0,140
1673903152099,248,HTTP Request,200,OK,usersOfW3school 1-71,text,true,,119681,119,7,7,https://www.w3schools.com/,187,0,129
1673903152139,248,HTTP Request,200,OK,usersOfW3school 1-72,text,true,,119681,119,7,7,https://www.w3schools.com/,188,0,129
1673903152179,259,HTTP Request,200,OK,usersOfW3school 1-73,text,true,,119681,119,7,7,https://www.w3schools.com/,194,0,134
1673903152220,258,HTTP Request,200,OK,usersOfW3school 1-74,text,true,,119681,119,7,7,https://www.w3schools.com/,194,0,134
1673903152259,294,HTTP Request,200,OK,usersOfW3school 1-75,text,true,,119681,119,8,8,https://www.w3schools.com/,195,0,136
1673903152301,289,HTTP Request,200,OK,usersOfW3school 1-76,text,true,,119681,119,8,8,https://www.w3schools.com/,189,0,130
1673903152341,254,HTTP Request,200,OK,usersOfW3school 1-77,text,true,,119681,119,7,7,https://www.w3schools.com/,192,0,134
1673903152381,298,HTTP Request,200,OK,usersOfW3school 1-78,text,true,,119681,119,8,8,https://www.w3schools.com/,197,0,138
1673903152460,247,HTTP Request,200,OK,usersOfW3school 1-80,text,true,,119681,119,8,8,https://www.w3schools.com/,186,0,129
1673903152420,303,HTTP Request,200,OK,usersOfW3school 1-79,text,true,,119681,119,7,7,https://www.w3schools.com/,202,0,141
1673903152500,284,HTTP Request,200,OK,usersOfW3school 1-81,text,true,,119681,119,8,8,https://www.w3schools.com/,214,0,153
1673903152540,291,HTTP Request,200,OK,usersOfW3school 1-82,text,true,,119681,119,8,8,https://www.w3schools.com/,191,0,132
1673903152580,259,HTTP Request,200,OK,usersOfW3school 1-83,text,true,,119681,119,7,7,https://www.w3schools.com/,199,0,139
1673903152621,292,HTTP Request,200,OK,usersOfW3school 1-84,text,true,,119681,119,8,8,https://www.w3schools.com/,192,0,132
1673903152660,298,HTTP Request,200,OK,usersOfW3school 1-85,text,true,,119681,119,8,8,https://www.w3schools.com/,190,0,133
1673903152740,265,HTTP Request,200,OK,usersOfW3school 1-87,text,true,,119681,119,8,8,https://www.w3schools.com/,200,0,138
1673903152820,305,HTTP Request,200,OK,usersOfW3school 1-89,text,true,,119681,119,10,10,https://www.w3schools.com/,197,0,139
1673903152860,285,HTTP Request,200,OK,usersOfW3school 1-90,text,true,,119681,119,10,10,https://www.w3schools.com/,188,0,130
1673903152899,270,HTTP Request,200,OK,usersOfW3school 1-91,text,true,,119681,119,9,9,https://www.w3schools.com/,195,0,135
1673903152980,261,HTTP Request,200,OK,usersOfW3school 1-93,text,true,,119681,119,10,10,https://www.w3schools.com/,198,0,138
1673903152940,307,HTTP Request,200,OK,usersOfW3school 1-92,text,true,,119681,119,9,9,https://www.w3schools.com/,202,0,139
1673903153020,298,HTTP Request,200,OK,usersOfW3school 1-94,text,true,,119681,119,9,9,https://www.w3schools.com/,197,0,137
1673903153059,266,HTTP Request,200,OK,usersOfW3school 1-95,text,true,,119681,119,8,8,https://www.w3schools.com/,202,0,142
1673903153100,256,HTTP Request,200,OK,usersOfW3school 1-96,text,true,,119681,119,7,7,https://www.w3schools.com/,193,0,133
1673903153139,304,HTTP Request,200,OK,usersOfW3school 1-97,text,true,,119681,119,6,6,https://www.w3schools.com/,198,0,138
1673903153179,304,HTTP Request,200,OK,usersOfW3school 1-98,text,true,,119681,119,5,5,https://www.w3schools.com/,199,0,138
1673903153219,264,HTTP Request,200,OK,usersOfW3school 1-99,text,true,,119681,119,5,5,https://www.w3schools.com/,201,0,142
1673903153258,259,HTTP Request,200,OK,usersOfW3school 1-100,text,true,,119681,119,3,3,https://www.w3schools.com/,195,0,135
1673903152700,3489,HTTP Request,200,OK,usersOfW3school 1-86,text,true,,119681,119,2,2,https://www.w3schools.com/,3371,0,3200
1673903152781,3501,HTTP Request,200,OK,usersOfW3school 1-88,text,true,,119681,119,1,1,https://www.w3schools.com/,3380,0,3203
